标题,连接
国家勋章正式颁授,https://www.baidu.com/s?cl=3&tn=baidutop10&fr=top1000&wd=%E5%9B%BD%E5%AE%B6%E5%8B%8B%E7%AB%A0%E6%AD%A3%E5%BC%8F%E9%A2%81%E6%8E%88&rsv_idx=2&rsv_dl=fyb_n_homepage&hisfilter=1
桑一非怒怼球迷会,https://www.baidu.com/s?cl=3&tn=baidutop10&fr=top1000&wd=%E6%A1%91%E4%B8%80%E9%9D%9E%E6%80%92%E6%80%BC%E7%90%83%E8%BF%B7%E4%BC%9A&rsv_idx=2&rsv_dl=fyb_n_homepage&hisfilter=1
刘Sir抵达北京,https://www.baidu.com/s?cl=3&tn=baidutop10&fr=top1000&wd=%E5%88%98Sir%E6%8A%B5%E8%BE%BE%E5%8C%97%E4%BA%AC&rsv_idx=2&rsv_dl=fyb_n_homepage&hisfilter=1
微软回应高管经历,https://www.baidu.com/s?cl=3&tn=baidutop10&fr=top1000&wd=%E5%BE%AE%E8%BD%AF%E5%9B%9E%E5%BA%94%E9%AB%98%E7%AE%A1%E7%BB%8F%E5%8E%86&rsv_idx=2&rsv_dl=fyb_n_homepage&hisfilter=1
胡歌靳东看球姿势,https://www.baidu.com/s?cl=3&tn=baidutop10&fr=top1000&wd=%E8%83%A1%E6%AD%8C%E9%9D%B3%E4%B8%9C%E7%9C%8B%E7%90%83%E5%A7%BF%E5%8A%BF&rsv_idx=2&rsv_dl=fyb_n_homepage&hisfilter=1
传音遭索赔两千万,https://www.baidu.com/s?cl=3&tn=baidutop10&fr=top1000&wd=%E4%BC%A0%E9%9F%B3%E9%81%AD%E7%B4%A2%E8%B5%94%E4%B8%A4%E5%8D%83%E4%B8%87&rsv_idx=2&rsv_dl=fyb_n_homepage&hisfilter=1
约翰逊否认渎职,https://www.baidu.com/s?cl=3&tn=baidutop10&fr=top1000&wd=%E7%BA%A6%E7%BF%B0%E9%80%8A%E5%90%A6%E8%AE%A4%E6%B8%8E%E8%81%8C&rsv_idx=2&rsv_dl=fyb_n_homepage&hisfilter=1
蔚来回应雷军抽奖,https://www.baidu.com/s?cl=3&tn=baidutop10&fr=top1000&wd=%E8%94%9A%E6%9D%A5%E5%9B%9E%E5%BA%94%E9%9B%B7%E5%86%9B%E6%8A%BD%E5%A5%96&rsv_idx=2&rsv_dl=fyb_n_homepage&hisfilter=1
郑爽巴黎街拍,https://www.baidu.com/s?cl=3&tn=baidutop10&fr=top1000&wd=%E9%83%91%E7%88%BD%E5%B7%B4%E9%BB%8E%E8%A1%97%E6%8B%8D&rsv_idx=2&rsv_dl=fyb_n_homepage&hisfilter=1
国庆活动节目单,https://www.baidu.com/s?cl=3&tn=baidutop10&fr=top1000&wd=%E5%9B%BD%E5%BA%86%E6%B4%BB%E5%8A%A8%E8%8A%82%E7%9B%AE%E5%8D%95&rsv_idx=2&rsv_dl=fyb_n_homepage&hisfilter=1
女排世界杯11连胜,https://www.baidu.com/s?cl=3&tn=baidutop10&fr=top1000&wd=%E5%A5%B3%E6%8E%92%E4%B8%96%E7%95%8C%E6%9D%AF11%E8%BF%9E%E8%83%9C&rsv_idx=2&rsv_dl=fyb_n_homepage&hisfilter=1
戴志康正式被批捕,https://www.baidu.com/s?cl=3&tn=baidutop10&fr=top1000&wd=%E6%88%B4%E5%BF%97%E5%BA%B7%E6%AD%A3%E5%BC%8F%E8%A2%AB%E6%89%B9%E6%8D%95&rsv_idx=2&rsv_dl=fyb_n_homepage&hisfilter=1
中国女排夺冠,https://www.baidu.com/s?cl=3&tn=baidutop10&fr=top1000&wd=%E4%B8%AD%E5%9B%BD%E5%A5%B3%E6%8E%92%E5%A4%BA%E5%86%A0&rsv_idx=2&rsv_dl=fyb_n_homepage&hisfilter=1
袁隆平共和国勋章,https://www.baidu.com/s?cl=3&tn=baidutop10&fr=top1000&wd=%E8%A2%81%E9%9A%86%E5%B9%B3%E5%85%B1%E5%92%8C%E5%9B%BD%E5%8B%8B%E7%AB%A0&rsv_idx=2&rsv_dl=fyb_n_homepage&hisfilter=1
那英当众踹人,https://www.baidu.com/s?cl=3&tn=baidutop10&fr=top1000&wd=%E9%82%A3%E8%8B%B1%E5%BD%93%E4%BC%97%E8%B8%B9%E4%BA%BA&rsv_idx=2&rsv_dl=fyb_n_homepage&hisfilter=1
中国女排10连胜,https://www.baidu.com/s?cl=3&tn=baidutop10&fr=top1000&wd=%E4%B8%AD%E5%9B%BD%E5%A5%B3%E6%8E%9210%E8%BF%9E%E8%83%9C&rsv_idx=2&rsv_dl=fyb_n_homepage&hisfilter=1
